id,first_name,second_name,last_name,email_address,password_hash
437b6ae7-c53a-4398-ac00-4cacbb16c3d4,Liam,James,Johnson,liam.johnson1@example.com,hash_dummy_value
29661fa1-a7dc-432a-b01d-370a9bac4d61,Olivia,Rose,Brown,olivia.brown2@example.com,hash_dummy_value
cdcbddb3-3152-495b-acd1-1c31697152eb,Noah,Alexander,Williams,noah.williams3@example.com,hash_dummy_value
7c52c46f-4e4e-4031-a23e-525d371d17a5,Emma,Sophia,Jones,emma.jones4@example.com,hash_dummy_value
dce5364e-b3e3-446d-81ce-cfa537871a04,Oliver,Michael,Miller,oliver.miller5@example.com,hash_dummy_value
dc653cd9-2705-4a62-8fbf-ba472ac0b46c,Ava,Elizabeth,Davis,ava.davis6@example.com,hash_dummy_value
0cf9dac4-f665-45d3-b38e-5103562eef4f,Elijah,Daniel,Garcia,elijah.garcia7@example.com,hash_dummy_value
4a1ccc3b-f5c0-4953-8284-459a4db4874d,Charlotte,Amelia,Martinez,charlotte.martinez8@example.com,hash_dummy_value
4c5f4b54-14f4-475e-97f9-505ac05c1047,William,David,Rodriguez,william.rodriguez9@example.com,hash_dummy_value
3a5239be-a771-4678-b252-462fa7562479,Amelia,Lily,Martinez,amelia.martinez10@example.com,hash_dummy_value
703aea7e-df98-4291-a1ef-fa6411711a60,James,Joseph,Hernandez,james.hernandez11@example.com,hash_dummy_value
4b23caee-72df-4f8d-8829-10bba0de426a,Sophia,Chloe,Lopez,sophia.lopez12@example.com,hash_dummy_value
2face309-fffa-44c1-965f-1b5b53f3568e,Benjamin,Matthew,Gonzalez,benjamin.gonzalez13@example.com,hash_dummy_value
14cf6b16-a816-4d9a-86a7-92d03f8db22e,Isabella,Ella,Wilson,isabella.wilson14@example.com,hash_dummy_value
f80684cf-5e0e-4e54-a5c3-252aac7dab99,Lucas,Samuel,Anderson,lucas.anderson15@example.com,hash_dummy_value
7df670c3-6ee0-4856-959b-434b096543a7,Mia,Abigail,Thomas,mia.thomas16@example.com,hash_dummy_value
4ad7afe7-52e8-4ebf-a05b-ba0412b83a5c,Mason,Henry,Taylor,mason.taylor17@example.com,hash_dummy_value
f04cdf5b-4d07-4cc8-ab36-7f0eb07b1a2d,Harper,Emily,Moore,harper.moore18@example.com,hash_dummy_value
cd153e2d-2e85-4fb5-a1d6-5e32a2a55175,Logan,Sebastian,Jackson,logan.jackson19@example.com,hash_dummy_value
151b8761-0606-42e5-8fbb-80e2196143fe,Emily,Grace,Smith,emily.smith20@example.com,hash_dummy_value
fd061d74-30ef-4827-8ca7-0591587b6121,Liam,James,Johnson,liam.johnson21@example.com,hash_dummy_value
e7214fd1-4e49-4a46-a09a-93a074d44de6,Olivia,Rose,Brown,olivia.brown22@example.com,hash_dummy_value
71479385-155b-4dee-bda2-926cc11fa1be,Noah,Alexander,Williams,noah.williams23@example.com,hash_dummy_value
19bd7164-52a7-42d5-94ff-6431dd51e32d,Emma,Sophia,Jones,emma.jones24@example.com,hash_dummy_value
1005f846-b91d-42bf-9504-5dbfb0035785,Oliver,Michael,Miller,oliver.miller25@example.com,hash_dummy_value
2106fdc5-09b6-45e0-9193-627563a2a0ae,Ava,Elizabeth,Davis,ava.davis26@example.com,hash_dummy_value
0f993b81-020b-4762-a772-623ddb4f16ca,Elijah,Daniel,Garcia,elijah.garcia27@example.com,hash_dummy_value
7cd66880-5c4e-4e4d-b966-92cb060ac2cc,Charlotte,Amelia,Martinez,charlotte.martinez28@example.com,hash_dummy_value
28a79883-895d-4ed7-b50b-cba8f7cc0fbb,William,David,Rodriguez,william.rodriguez29@example.com,hash_dummy_value
15f78e6d-8c1b-4759-98bd-4626a52785ea,Amelia,Lily,Martinez,amelia.martinez30@example.com,hash_dummy_value
3ad232c9-a67a-4570-98e1-2e3665befda7,James,Joseph,Hernandez,james.hernandez31@example.com,hash_dummy_value
1b2bd97a-ebca-4329-a35a-fd5705ad8c0b,Sophia,Chloe,Lopez,sophia.lopez32@example.com,hash_dummy_value
2cba46e9-a2c0-4254-97b6-b1cfb17b7fda,Benjamin,Matthew,Gonzalez,benjamin.gonzalez33@example.com,hash_dummy_value
85b5474a-57d4-4362-baef-8bf4b493de8f,Isabella,Ella,Wilson,isabella.wilson34@example.com,hash_dummy_value
4981a66c-c44d-4697-a0ab-2b57db9d4e96,Lucas,Samuel,Anderson,lucas.anderson35@example.com,hash_dummy_value
58d6eb82-86c7-4ddf-832b-d82db5fe19c9,Mia,Abigail,Thomas,mia.thomas36@example.com,hash_dummy_value
94b3ed98-d68e-4371-b116-16868fe263dc,Mason,Henry,Taylor,mason.taylor37@example.com,hash_dummy_value
21688c8c-c55e-4693-a02a-6177e855c447,Harper,Emily,Moore,harper.moore38@example.com,hash_dummy_value
ed2d7709-9d51-40b7-ba24-1516f3a863f1,Logan,Sebastian,Jackson,logan.jackson39@example.com,hash_dummy_value
e2e5d28e-11b6-4d84-9a17-8cffd5e10fd6,Emily,Grace,Smith,emily.smith40@example.com,hash_dummy_value
27857371-def4-4998-aef0-d423dbc10dbf,Liam,James,Johnson,liam.johnson41@example.com,hash_dummy_value
b84905ed-d855-4a2c-aab8-f2e76018d9ac,Olivia,Rose,Brown,olivia.brown42@example.com,hash_dummy_value
b431e1fd-5549-401d-9976-931d3a3d9501,Noah,Alexander,Williams,noah.williams43@example.com,hash_dummy_value
7e7a94ab-f344-45ce-999e-7b3f4f188183,Emma,Sophia,Jones,emma.jones44@example.com,hash_dummy_value
ca436e6f-f767-4f62-8bce-157daaf0c63f,Oliver,Michael,Miller,oliver.miller45@example.com,hash_dummy_value
8e8731cb-7373-49cd-a102-33f8ee18abd1,Ava,Elizabeth,Davis,ava.davis46@example.com,hash_dummy_value
3419d770-e0d4-4590-b02c-4531e3c70110,Elijah,Daniel,Garcia,elijah.garcia47@example.com,hash_dummy_value
a929494c-86aa-4582-a468-56aad030aab2,Charlotte,Amelia,Martinez,charlotte.martinez48@example.com,hash_dummy_value
1a3217ba-b9e3-454b-8b49-c92b25792adc,William,David,Rodriguez,william.rodriguez49@example.com,hash_dummy_value
95a1c6f4-2819-4df5-9762-a79288a860d3,Amelia,Lily,Martinez,amelia.martinez50@example.com,hash_dummy_value
d7ee95ab-4646-4831-8e16-3318ac475fa1,James,Joseph,Hernandez,james.hernandez51@example.com,hash_dummy_value
47e7f8ca-6f18-4b03-a171-042483bea171,Sophia,Chloe,Lopez,sophia.lopez52@example.com,hash_dummy_value
f208fe65-10ee-4624-92fa-abf85ed5813a,Benjamin,Matthew,Gonzalez,benjamin.gonzalez53@example.com,hash_dummy_value
8032fc62-eee9-4631-94b3-6537756011d1,Isabella,Ella,Wilson,isabella.wilson54@example.com,hash_dummy_value
a45879da-d564-4ec6-b4cf-3c4ab5393c74,Lucas,Samuel,Anderson,lucas.anderson55@example.com,hash_dummy_value
22ca4376-ad88-41e9-bc20-f44f270765f8,Mia,Abigail,Thomas,mia.thomas56@example.com,hash_dummy_value
cc087b88-c5e2-4ebb-b1fb-89dc3fc801e6,Mason,Henry,Taylor,mason.taylor57@example.com,hash_dummy_value
df6d8804-120f-4645-8251-ea67c4706fc3,Harper,Emily,Moore,harper.moore58@example.com,hash_dummy_value
d391a684-4796-4354-9909-9ed06e3f13dc,Logan,Sebastian,Jackson,logan.jackson59@example.com,hash_dummy_value
13482ffd-b21f-4251-ad36-7c64dece7822,Emily,Grace,Smith,emily.smith60@example.com,hash_dummy_value
6763c93a-b438-48e5-be1d-c838658edbb8,Liam,James,Johnson,liam.johnson61@example.com,hash_dummy_value
c882a0e7-d465-45cc-89ce-d50fb90429e1,Olivia,Rose,Brown,olivia.brown62@example.com,hash_dummy_value
861313ba-292d-45ba-bc1d-841a0c40b46b,Noah,Alexander,Williams,noah.williams63@example.com,hash_dummy_value
1e0447f6-2e6c-4573-a904-5c4325df9408,Emma,Sophia,Jones,emma.jones64@example.com,hash_dummy_value
a0cf0f43-62ab-4c26-8265-dbbbd4720457,Oliver,Michael,Miller,oliver.miller65@example.com,hash_dummy_value
d33f718d-97b6-4d42-adc1-856b31ded5b4,Ava,Elizabeth,Davis,ava.davis66@example.com,hash_dummy_value
accbab95-20f1-4c0a-8565-c6c7bf51f209,Elijah,Daniel,Garcia,elijah.garcia67@example.com,hash_dummy_value
5dc572d1-0cf6-49bc-82db-cca1cec41bdc,Charlotte,Amelia,Martinez,charlotte.martinez68@example.com,hash_dummy_value
0635c0f9-a180-476d-b81a-d65da19c78f3,William,David,Rodriguez,william.rodriguez69@example.com,hash_dummy_value
e4d8c7fb-aa64-4add-baad-53edc016a012,Amelia,Lily,Martinez,amelia.martinez70@example.com,hash_dummy_value
308a0528-eae0-4450-b8ea-cd77a428a371,James,Joseph,Hernandez,james.hernandez71@example.com,hash_dummy_value
24e6327b-5650-473d-9ec7-3ec0316cda54,Sophia,Chloe,Lopez,sophia.lopez72@example.com,hash_dummy_value
0db50f0e-3cc8-4d1c-9051-6e89cd39c5a0,Benjamin,Matthew,Gonzalez,benjamin.gonzalez73@example.com,hash_dummy_value
e5937b13-956c-4aff-9d64-73e180a77f99,Isabella,Ella,Wilson,isabella.wilson74@example.com,hash_dummy_value
23a139f0-289c-4567-a7a6-024134aa3f1a,Lucas,Samuel,Anderson,lucas.anderson75@example.com,hash_dummy_value
6dea04ef-eec2-44aa-a595-919f9af3e6fb,Mia,Abigail,Thomas,mia.thomas76@example.com,hash_dummy_value
e92bddb8-9b20-40bf-8fc3-811659707d7b,Mason,Henry,Taylor,mason.taylor77@example.com,hash_dummy_value
9f564c7e-a66a-4d60-93ff-566634c0d9eb,Harper,Emily,Moore,harper.moore78@example.com,hash_dummy_value
e1850e4b-e020-4b6c-a7e4-722c7433166f,Logan,Sebastian,Jackson,logan.jackson79@example.com,hash_dummy_value
87832d28-254a-4a0b-8370-c6214e199fb5,Emily,Grace,Smith,emily.smith80@example.com,hash_dummy_value
59a4179c-895b-4b1f-a90f-fc9f78b93986,Liam,James,Johnson,liam.johnson81@example.com,hash_dummy_value
a4cd57c2-81a3-46b2-b810-24da3c624c5e,Olivia,Rose,Brown,olivia.brown82@example.com,hash_dummy_value
64d1fa26-affe-4674-a3f2-1b764311280f,Noah,Alexander,Williams,noah.williams83@example.com,hash_dummy_value
1c3716c5-cdb6-4114-852d-9c8cbbc10bc9,Emma,Sophia,Jones,emma.jones84@example.com,hash_dummy_value
b9892311-8eb8-4a7d-aa9e-dc2ee8c98140,Oliver,Michael,Miller,oliver.miller85@example.com,hash_dummy_value
a34ab40e-8c11-441d-be43-d846385d5a41,Ava,Elizabeth,Davis,ava.davis86@example.com,hash_dummy_value
cdf85e4e-d8ea-48f4-9d69-91457c8ab733,Elijah,Daniel,Garcia,elijah.garcia87@example.com,hash_dummy_value
ba9ffade-87a7-4c05-8af7-99015913bd31,Charlotte,Amelia,Martinez,charlotte.martinez88@example.com,hash_dummy_value
6ab98b24-33c9-46b7-84d1-7e53730592bf,William,David,Rodriguez,william.rodriguez89@example.com,hash_dummy_value
480779f0-5692-4c60-918f-b1ec322a67dd,Amelia,Lily,Martinez,amelia.martinez90@example.com,hash_dummy_value
12aedfe3-f88d-424b-ae0c-4182ef52d984,James,Joseph,Hernandez,james.hernandez91@example.com,hash_dummy_value
2274677d-4daf-45b6-a023-73aebd916b51,Sophia,Chloe,Lopez,sophia.lopez92@example.com,hash_dummy_value
41c10e28-d5a9-4926-ad84-c90ca1a6bc8c,Benjamin,Matthew,Gonzalez,benjamin.gonzalez93@example.com,hash_dummy_value
5bca54c5-d852-4f6f-94f4-8579c81735c2,Isabella,Ella,Wilson,isabella.wilson94@example.com,hash_dummy_value
9a1f8635-0d88-4fa8-aba3-a4c0ff0d2d6c,Lucas,Samuel,Anderson,lucas.anderson95@example.com,hash_dummy_value
8fb676ee-2e65-4c26-96c6-a58b3dfdd6c9,Mia,Abigail,Thomas,mia.thomas96@example.com,hash_dummy_value
d8034e6a-0e29-4105-a9b7-60be28d8471c,Mason,Henry,Taylor,mason.taylor97@example.com,hash_dummy_value
c21f382f-106a-49f3-ba38-0a19fdf92f2d,Harper,Emily,Moore,harper.moore98@example.com,hash_dummy_value
f49f31a4-a7b0-4936-85bd-db90dc9443a9,Logan,Sebastian,Jackson,logan.jackson99@example.com,hash_dummy_value
aab5ff0a-2ec3-4d60-843d-4f88c32bbc8c,Emily,Grace,Smith,emily.smith100@example.com,hash_dummy_value
